{
    "n=10000, p=100": {
        "Cholesky QR-based retraction": {
            "Time": 0.28829050064086914,
            "Accuracy": 27240.006101854342
        },
        "Polar-based retraction": {
            "Time": 0.30009961128234863,
            "Accuracy": 2853704090734064.0
        }
    },
    "n=10000, p=200": {
        "Cholesky QR-based retraction": {
            "Time": 0.6997218132019043,
            "Accuracy": 103020.67207783205
        },
        "Polar-based retraction": {
            "Time": 0.6723687648773193,
            "Accuracy": 8587107193292349.0
        }
    },
    "n=10000, p=500": {
        "Cholesky QR-based retraction": {
            "Time": 1.5046319961547852,
            "Accuracy": 5423622.190820809
        },
        "Polar-based retraction": {
            "Time": 2.180424690246582,
            "Accuracy": 3.63190477987683e+16
        }
    },
    "n=10000, p=1000": {
        "Cholesky QR-based retraction": {
            "Time": 2.6167681217193604,
            "Accuracy": 5175762.21747854
        },
        "Polar-based retraction": {
            "Time": 3.772390365600586,
            "Accuracy": 1.179271811051049e+17
        }
    },
    "n=10000, p=2000": {
        "Cholesky QR-based retraction": {
            "Time": 6.808451890945435,
            "Accuracy": 35006481.9083838
        },
        "Polar-based retraction": {
            "Time": 10.46055817604065,
            "Accuracy": 4.113047707259119e+17
        }
    }
}