Iteration,A_l1,A_inf,B_l1,B_inf,G_A_l1,G_A_inf,G_B_l1,G_B_inf
0,153.49191425427395,0.05262880850673711,8.78021446427653,0.7575221310228721,1.0,1.0,1.0,1.0
1,15493.302973827696,3.1023225859663746,59.17906900270979,1.617463832418883,1.0,1.0,1.0,1.0
2,609472.5066629816,105.71121712114089,9099.179069002708,401.12476971794297,1.0,1.0,1.0,1.0
3,2892822.9588317303,448.1266109631906,18139.179069002712,481.6174638323733,1.0,1.0,1.0,1.0
4,5181303.22188581,657.6682430241068,27179.179069002716,881.1247697179335,1.0,1.0,1.0,1.0
5,7471712.9719615495,1057.6682430241092,36219.1790690027,1281.1247697179574,1.0,1.0,1.0,1.0
