Iteration,A_l1,A_inf,B_l1,B_inf,G_A_l1,G_A_inf,G_B_l1,G_B_inf
0,153.5875424507284,0.10001996036330722,8.896477518213672,1.1347652896134355,1.0,1.0,1.0,1.0
1,153.57885911747016,0.09225277201344773,10.416614623250034,1.1491552833778838,1.0,1.0,1.0,1.0
2,153.57770742855655,0.09151084751515459,10.630144119704507,1.1596375551241103,1.0,1.0,1.0,1.0
3,153.3995224798901,0.10255823675394297,10.630145812724978,1.2164827560077496,1.0,1.0,1.0,1.0
